"res num","entropy","%frac non-gap"
1,0.23,0.50
2,0.51,0.45
3,0.21,0.13
4,0.31,0.28
5,0.09,0.05
6,0.08,0.04
7,0.03,0.01
8,0.05,0.02
9,0.08,0.04
10,0.10,0.05
11,0.19,0.13
12,0.34,0.42
13,0.32,0.37
14,0.23,0.15
15,0.11,0.06
16,0.08,0.04
17,0.13,0.08
18,0.23,0.17
19,0.06,0.03
20,0.09,0.05
21,0.02,0.01
22,0.01,0.01
23,0.06,0.03
24,0.09,0.05
25,0.13,0.08
26,0.17,0.11
27,0.31,0.26
28,0.25,0.29
29,0.15,0.21
30,0.19,0.12
31,0.20,0.32
32,0.27,0.22
33,0.07,0.04
34,0.40,0.37
35,0.42,0.42
36,0.34,0.34
37,0.34,0.52
38,0.43,0.39
39,0.10,0.06
40,0.37,0.31
41,0.41,0.34
42,0.34,0.43
43,0.15,0.09
44,0.21,0.18
45,0.31,0.27
46,0.42,0.39
47,0.17,0.16
48,0.20,0.32
49,0.14,0.16
50,0.21,0.16
51,0.24,0.16
52,0.18,0.12
53,0.14,0.13
54,0.25,0.20
55,0.24,0.16
56,0.25,0.23
57,0.16,0.16
58,0.23,0.18
59,0.20,0.15
60,0.16,0.12
61,0.03,0.01
62,0.12,0.09
63,0.17,0.15
64,0.14,0.09
65,0.18,0.15
66,0.19,0.13
67,0.02,0.01
68,0.05,0.02
69,0.08,0.04
70,0.14,0.08
71,0.24,0.18
72,0.32,0.28
73,0.11,0.14
74,0.19,0.15
75,0.21,0.15
76,0.12,0.14
77,0.14,0.12
78,0.31,0.23
79,0.41,0.38
80,0.37,0.30
81,0.32,0.23
82,0.21,0.14
83,0.21,0.28
84,0.25,0.16
85,0.20,0.14
86,0.45,0.38
87,0.16,0.16
88,0.11,0.08
89,0.21,0.19
90,0.21,0.16
91,0.39,0.34
92,0.26,0.17
93,0.47,0.58
94,0.17,0.14
95,0.25,0.28
96,0.02,0.01
97,0.03,0.02
98,0.38,0.42
99,0.16,0.16
100,0.23,0.51
101,0.43,0.42
102,0.41,0.43
103,0.08,0.05
104,0.13,0.08
105,0.15,0.10
106,0.44,0.60
107,0.44,0.47
108,0.33,0.51
109,0.23,0.19
110,0.44,0.41
111,0.23,0.25
112,0.44,0.37
113,0.02,0.01
114,0.34,0.48
115,0.52,0.52
116,0.37,0.46
117,0.47,0.43
118,0.20,0.25
119,0.40,0.59
120,0.32,0.33
121,0.39,0.39
122,0.19,0.15
123,0.09,0.07
124,0.29,0.35
125,0.48,0.44
126,0.38,0.48
127,0.36,0.37
128,0.30,0.39
129,0.23,0.22
130,0.49,0.48
131,0.40,0.58
132,0.47,0.49
133,0.10,0.06
134,0.32,0.39
135,0.31,0.28
136,0.19,0.13
137,0.32,0.26
138,0.47,0.56
139,0.26,0.58
140,0.20,0.21
141,0.22,0.16
142,0.33,0.26
143,0.29,0.35
144,0.30,0.39
145,0.36,0.35
146,0.21,0.21
147,0.25,0.22
148,0.32,0.23
149,0.33,0.47
150,0.26,0.58
151,0.06,0.03
152,0.51,0.58
153,0.13,0.16
154,0.38,0.34
155,0.45,0.47
156,0.39,0.47
157,0.48,0.60
158,0.33,0.65
159,0.53,0.49
160,0.24,0.31
161,0.20,0.13
162,0.32,0.32
163,0.29,0.22
164,0.05,0.03
165,0.06,0.04
166,0.15,0.29
167,0.18,0.12
168,0.42,0.35
169,0.44,0.40
170,0.29,0.36
171,0.01,0.01
172,0.01,0.01
173,0.01,0.01
174,0.34,0.44
175,0.45,0.39
176,0.50,0.64
177,0.13,0.08
178,0.25,0.21
179,0.32,0.42
180,0.23,0.17
181,0.02,0.01
182,0.09,0.05
183,0.32,0.24
184,0.30,0.24
185,0.13,0.07
186,0.47,0.42
187,0.51,0.67
188,0.35,0.43
189,0.18,0.26
190,0.29,0.25
191,0.41,0.55
192,0.44,0.58
193,0.35,0.41
194,0.56,0.68
195,0.23,0.19
196,0.21,0.19
197,0.59,0.56
198,0.20,0.70
199,0.32,0.28
200,0.53,0.62
201,0.38,0.52
202,0.40,0.70
203,0.56,0.68
204,0.38,0.55
205,0.48,0.45
206,0.50,0.68
207,0.58,0.76
208,0.27,0.30
209,0.28,0.22
210,0.50,0.58
211,0.52,0.57
212,0.16,0.10
213,0.29,0.49
214,0.32,0.27
215,0.08,0.06
216,0.02,0.01
217,0.13,0.08
218,0.07,0.04
219,0.48,0.60
220,0.25,0.28
221,0.39,0.35
222,0.02,0.01
223,0.39,0.54
224,0.30,0.25
225,0.45,0.68
226,0.41,0.44
227,0.53,0.69
228,0.19,0.17
229,0.15,0.17
230,0.50,0.50
231,0.19,0.20
232,0.26,0.26
233,0.50,0.57
234,0.39,0.32
235,0.28,0.39
236,0.49,0.45
237,0.35,0.39
238,0.44,0.59
239,0.39,0.39
240,0.49,0.73
241,0.41,0.46
242,0.22,0.15
243,0.04,0.02
244,0.21,0.21
245,0.35,0.57
246,0.42,0.37
247,0.28,0.28
248,0.36,0.49
249,0.41,0.44
250,0.03,0.02
251,0.01,0.01
252,0.14,0.12
253,0.17,0.12
254,0.04,0.02
255,0.45,0.50
256,0.22,0.17
257,0.18,0.11
258,0.02,0.01
259,0.03,0.01
260,0.22,0.17
261,0.48,0.62
262,0.29,0.20
263,0.34,0.30
264,0.22,0.20
265,0.43,0.39
266,0.23,0.39
267,0.42,0.39
268,0.27,0.34
269,0.38,0.35
270,0.36,0.66
271,0.46,0.49
272,0.24,0.20
273,0.24,0.25
274,0.23,0.18
275,0.27,0.60
276,0.59,0.55
277,0.12,0.16
278,0.30,0.31
279,0.17,0.35
280,0.27,0.20
281,0.24,0.49
282,0.29,0.29
283,0.49,0.58
284,0.53,0.61
285,0.02,0.01
286,0.29,0.36
287,0.21,0.33
288,0.30,0.22
289,0.09,0.05
290,0.07,0.04
291,0.06,0.03
292,0.05,0.03
293,0.04,0.02
294,0.11,0.07
295,0.19,0.16
296,0.17,0.12
297,0.10,0.14
298,0.51,0.47
299,0.18,0.32
300,0.36,0.31
301,0.17,0.18
302,0.32,0.43
303,0.25,0.26
304,0.34,0.26
305,0.19,0.37
306,0.37,0.29
307,0.41,0.51
308,0.10,0.16
309,0.36,0.46
310,0.22,0.18
311,0.11,0.16
312,0.21,0.16
313,0.25,0.35
314,0.38,0.34
315,0.18,0.21
316,0.28,0.35
317,0.16,0.18
318,0.20,0.15
319,0.19,0.59
320,0.30,0.48
321,0.59,0.75
322,0.17,0.14
323,0.20,0.18
324,0.43,0.36
325,0.02,0.01
326,0.03,0.01
327,0.22,0.16
328,0.20,0.15
329,0.21,0.17
330,0.47,0.46
331,0.11,0.16
332,0.57,0.69
333,0.51,0.54
334,0.11,0.17
335,0.48,0.60
336,0.52,0.53
337,0.36,0.35
338,0.44,0.56
339,0.26,0.24
340,0.55,0.70
341,0.70,0.71
342,0.64,0.80
343,0.21,0.24
344,0.30,0.23
345,0.36,0.36
346,0.39,0.74
347,0.38,0.32
348,0.49,0.54
349,0.25,0.26
350,0.22,0.17
351,0.03,0.01
352,0.03,0.01
353,0.33,0.27
354,0.40,0.34
355,0.52,0.61
356,0.03,0.02
357,0.03,0.01
358,0.03,0.01
359,0.03,0.01
360,0.36,0.53
361,0.38,0.36
362,0.03,0.01
363,0.40,0.41
364,0.19,0.14
365,0.11,0.15
366,0.13,0.15
367,0.38,0.48
368,0.14,0.32
369,0.48,0.45
370,0.26,0.23
371,0.13,0.18
372,0.47,0.47
373,0.64,0.70
374,0.37,0.45
375,0.46,0.50
376,0.34,0.28
377,0.35,0.75
378,0.17,0.11
379,0.69,0.85
380,0.23,0.26
381,0.57,0.77
382,0.50,0.57
383,0.15,0.20
384,0.52,0.75
385,0.40,0.35
386,0.45,0.47
387,0.43,0.38
388,0.41,0.59
389,0.63,0.84
390,0.19,0.12
391,0.22,0.18
392,0.18,0.13
393,0.18,0.15
394,0.18,0.12
395,0.38,0.86
396,0.40,0.34
397,0.29,0.30
398,0.20,0.13
399,0.55,0.78
400,0.36,0.40
401,0.11,0.17
402,0.36,0.29
403,0.27,0.68
404,0.19,0.22
405,0.26,0.20
406,0.11,0.16
407,0.42,0.46
408,0.18,0.18
409,0.11,0.06
410,0.23,0.51
411,0.33,0.31
412,0.39,0.45
413,0.25,0.19
414,0.15,0.10
415,0.05,0.03
416,0.15,0.31
417,0.32,0.28
418,0.07,0.04
419,0.01,0.01
420,0.01,0.00
421,0.00,0.00
422,0.01,0.00
423,0.01,0.01
424,0.02,0.01
425,0.34,0.30
426,0.38,0.30
427,0.26,0.30
428,0.07,0.06
429,0.02,0.01
430,0.10,0.06
431,0.10,0.07
432,0.08,0.08
433,0.56,0.79
434,0.11,0.17
435,0.20,0.13
436,0.13,0.17
437,0.37,0.78
438,0.48,0.91
439,0.32,0.27
440,0.49,0.75
441,0.59,0.87
442,0.34,0.68
443,0.25,0.19
444,0.29,0.25
445,0.38,0.50
446,0.46,0.80
447,0.51,0.83
448,0.12,0.19
449,0.65,0.79
450,0.25,0.18
451,0.15,0.18
452,0.39,0.49
453,0.18,0.14
454,0.51,0.46
455,0.44,0.71
456,0.27,0.76
457,0.30,0.22
458,0.21,0.22
459,0.05,0.02
460,0.24,0.21
461,0.10,0.15
462,0.21,0.15
463,0.11,0.15
464,0.27,0.26
465,0.10,0.08
466,0.41,0.33
467,0.49,0.70
468,0.65,0.83
469,0.57,0.87
470,0.56,0.52
471,0.35,0.43
472,0.38,0.58
473,0.31,0.26
474,0.02,0.01
475,0.02,0.01
476,0.26,0.54
477,0.19,0.13
478,0.16,0.16
479,0.30,0.22
480,0.14,0.31
481,0.31,0.26
482,0.32,0.24
483,0.27,0.24
484,0.52,0.88
485,0.43,0.41
486,0.31,0.51
487,0.25,0.17
488,0.16,0.11
489,0.12,0.13
490,0.39,0.43
491,0.55,0.88
492,0.09,0.11
493,0.35,0.33
494,0.22,0.49
495,0.14,0.12
496,0.27,0.34
497,0.41,0.33
498,0.32,0.24
499,0.52,0.73
500,0.31,0.23
501,0.45,0.41
502,0.40,0.44
503,0.42,0.44
504,0.22,0.15
505,0.47,0.43
506,0.28,0.78
507,0.13,0.13
508,0.20,0.15
509,0.16,0.13
510,0.10,0.11
511,0.14,0.11
512,0.10,0.13
513,0.01,0.01
514,0.22,0.16
515,0.25,0.18
516,0.29,0.23
517,0.42,0.37
518,0.43,0.38
519,0.15,0.29
520,0.51,0.47
521,0.32,0.49
522,0.25,0.40
523,0.15,0.09
524,0.01,0.01
525,0.17,0.14
526,0.05,0.03
527,0.14,0.10
528,0.16,0.10
529,0.24,0.27
530,0.32,0.26
531,0.29,0.21
532,0.39,0.33
533,0.40,0.42
534,0.49,0.52
535,0.22,0.30
536,0.15,0.10
537,0.10,0.06
538,0.05,0.03
539,0.04,0.02
540,0.04,0.02
541,0.07,0.03
542,0.12,0.11
543,0.06,0.03
544,0.02,0.01
545,0.50,0.58
546,0.03,0.01
547,0.03,0.01
548,0.03,0.02
549,0.18,0.12
550,0.17,0.12
551,0.18,0.12
552,0.06,0.03
553,0.05,0.03
554,0.07,0.03
555,0.33,0.30
556,0.13,0.08
557,0.01,0.01
558,0.02,0.01
559,0.02,0.01
560,0.15,0.10
561,0.06,0.03
562,0.06,0.03
563,0.03,0.02
564,0.10,0.07
565,0.11,0.07
566,0.10,0.06
567,0.09,0.06
568,0.10,0.06
569,0.09,0.05
570,0.04,0.02
571,0.08,0.05
572,0.08,0.04
573,0.17,0.12
574,0.19,0.14
575,0.58,0.60
576,0.27,0.87
577,0.62,0.69
578,0.22,0.17
579,0.21,0.15
580,0.02,0.01
581,0.02,0.01
582,0.19,0.16
583,0.12,0.08
584,0.04,0.02
585,0.07,0.04
586,0.21,0.15
587,0.19,0.15
588,0.10,0.05
589,0.07,0.04
590,0.23,0.16
591,0.30,0.25
592,0.27,0.24
593,0.60,0.62
594,0.51,0.88
595,0.16,0.10
596,0.10,0.10
597,0.19,0.13
598,0.20,0.20
599,0.05,0.03
600,0.19,0.23
601,0.19,0.13
602,0.25,0.19
603,0.24,0.20
604,0.31,0.26
605,0.31,0.53
606,0.72,0.89
607,0.24,0.16
608,0.18,0.12
609,0.19,0.12
610,0.34,0.26
611,0.37,0.47
612,0.50,0.44
613,0.41,0.43
614,0.45,0.38
615,0.02,0.01
616,0.18,0.15
617,0.13,0.09
618,0.09,0.05
619,0.30,0.32
620,0.46,0.77
621,0.15,0.13
622,0.15,0.10
623,0.14,0.11
624,0.02,0.01
625,0.22,0.15
626,0.20,0.16
627,0.20,0.15
628,0.13,0.08
629,0.12,0.07
630,0.22,0.17
631,0.22,0.17
632,0.21,0.16
633,0.16,0.10
634,0.16,0.11
635,0.14,0.10
636,0.01,0.01
637,0.17,0.19
638,0.20,0.14
639,0.04,0.02
640,0.03,0.02
641,0.03,0.02
642,0.05,0.03
643,0.05,0.03
644,0.22,0.16
645,0.19,0.17
646,0.04,0.02
647,0.15,0.13
648,0.19,0.13
649,0.22,0.17
650,0.17,0.13
651,0.31,0.24
652,0.10,0.08
653,0.11,0.08
654,0.09,0.06
655,0.03,0.02
656,0.03,0.02
657,0.07,0.04
658,0.13,0.08
659,0.05,0.02
660,0.20,0.13
661,0.17,0.15
662,0.25,0.18
663,0.06,0.03
664,0.09,0.05
665,0.10,0.06
666,0.15,0.14
667,0.09,0.05
668,0.07,0.04
669,0.07,0.04
670,0.30,0.34
671,0.40,0.31
672,0.37,0.38
673,0.28,0.25
674,0.33,0.31
675,0.23,0.16
676,0.20,0.18
677,0.11,0.07
678,0.20,0.20
679,0.16,0.14
680,0.20,0.14
681,0.43,0.36
682,0.34,0.81
683,0.61,0.68
684,0.06,0.03
685,0.12,0.12
686,0.05,0.02
687,0.15,0.11
688,0.10,0.07
689,0.01,0.01
690,0.01,0.00
691,0.26,0.20
692,0.39,0.41
693,0.23,0.19
694,0.25,0.17
695,0.22,0.17
696,0.04,0.02
697,0.12,0.09
698,0.14,0.09
699,0.12,0.09
700,0.16,0.13
701,0.16,0.11
702,0.20,0.14
703,0.21,0.13
704,0.27,0.22
705,0.01,0.00
706,0.16,0.19
707,0.05,0.02
708,0.04,0.02
709,0.04,0.02
710,0.20,0.14
711,0.09,0.07
712,0.03,0.02
713,0.15,0.11
714,0.16,0.12
715,0.19,0.12
716,0.15,0.14
717,0.09,0.05
718,0.14,0.14
719,0.19,0.15
720,0.21,0.15
721,0.16,0.13
722,0.22,0.18
723,0.24,0.16
724,0.12,0.12
725,0.17,0.14
726,0.18,0.13
727,0.15,0.17
728,0.55,0.56
729,0.66,0.82
730,0.09,0.10
731,0.15,0.11
732,0.15,0.11
733,0.17,0.16
734,0.19,0.16
735,0.17,0.12
736,0.09,0.07
737,0.06,0.03
738,0.11,0.08
739,0.12,0.07
740,0.09,0.06
741,0.02,0.01
742,0.14,0.12
743,0.19,0.13
744,0.01,0.01
745,0.01,0.01
746,0.38,0.46
747,0.40,0.38
748,0.14,0.12
749,0.09,0.11
750,0.25,0.21
751,0.22,0.19
752,0.19,0.20
753,0.17,0.20
754,0.20,0.15
755,0.40,0.86
756,0.54,0.62
757,0.20,0.13
758,0.10,0.12
759,0.04,0.02
760,0.10,0.06
761,0.33,0.38
762,0.28,0.38
763,0.23,0.15
764,0.11,0.12
765,0.18,0.12
766,0.15,0.10
767,0.17,0.15
768,0.35,0.55
769,0.20,0.16
770,0.06,0.03
771,0.32,0.40
772,0.23,0.16
773,0.28,0.34
774,0.18,0.12
775,0.40,0.32
776,0.29,0.31
777,0.50,0.78
778,0.39,0.46
779,0.09,0.10
780,0.35,0.32
781,0.18,0.12
782,0.13,0.12
783,0.13,0.12
784,0.23,0.55
785,0.21,0.23
786,0.28,0.37
787,0.16,0.19
788,0.20,0.13
789,0.07,0.04
790,0.15,0.17
791,0.16,0.11
792,0.16,0.11
793,0.17,0.11
794,0.53,0.67
795,0.21,0.18
796,0.64,0.80
797,0.16,0.15
798,0.08,0.10
799,0.16,0.15
800,0.08,0.11
801,0.19,0.41
802,0.12,0.07
803,0.05,0.03
804,0.02,0.01
805,0.14,0.11
806,0.11,0.07
807,0.28,0.25
808,0.01,0.00
809,0.22,0.19
810,0.17,0.12
811,0.14,0.09
812,0.32,0.27
813,0.15,0.31
814,0.22,0.14
815,0.05,0.03
816,0.41,0.40
817,0.07,0.04
818,0.37,0.30
819,0.19,0.15
820,0.68,0.81
821,0.60,0.87
822,0.33,0.42
823,0.39,0.38
824,0.02,0.01
825,0.11,0.07
826,0.09,0.12
827,0.21,0.16
828,0.22,0.15
829,0.15,0.15
830,0.24,0.19
831,0.38,0.40
832,0.13,0.16
833,0.04,0.02
834,0.16,0.14
835,0.16,0.16
836,0.35,0.43
837,0.42,0.35
838,0.10,0.12
839,0.22,0.18
840,0.25,0.18
841,0.17,0.18
842,0.18,0.18
843,0.21,0.18
844,0.16,0.18
845,0.27,0.36
846,0.29,0.39
847,0.35,0.26
848,0.15,0.09
849,0.14,0.09
850,0.15,0.10
851,0.32,0.33
852,0.15,0.09
853,0.09,0.11
854,0.44,0.39
855,0.31,0.36
856,0.12,0.12
857,0.37,0.32
858,0.10,0.11
859,0.36,0.34
860,0.39,0.34
861,0.44,0.42
862,0.37,0.44
863,0.44,0.40
864,0.23,0.16
865,0.18,0.11
866,0.04,0.02
867,0.15,0.14
868,0.19,0.14
869,0.28,0.29
870,0.10,0.12
871,0.34,0.36
872,0.40,0.36
873,0.28,0.21
874,0.38,0.42
875,0.15,0.18
876,0.19,0.15
877,0.18,0.18
878,0.29,0.46
879,0.14,0.11
880,0.10,0.11
881,0.13,0.11
882,0.14,0.11
883,0.02,0.01
884,0.65,0.83
885,0.66,0.74
886,0.21,0.23
887,0.22,0.15
888,0.41,0.33
889,0.12,0.12
890,0.36,0.33
891,0.19,0.13
892,0.13,0.13
893,0.21,0.16
894,0.40,0.33
895,0.34,0.40
896,0.23,0.18
897,0.33,0.86
898,0.15,0.16
899,0.57,0.56
900,0.30,0.32
901,0.35,0.46
902,0.08,0.06
903,0.10,0.06
904,0.24,0.17
905,0.53,0.58
906,0.39,0.44
907,0.59,0.60
908,0.50,0.50
909,0.01,0.00
910,0.11,0.07
911,0.07,0.09
912,0.07,0.04
913,0.01,0.00
914,0.01,0.00
915,0.01,0.00
916,0.01,0.00
917,0.07,0.05
918,0.08,0.05
919,0.36,0.29
920,0.04,0.02
921,0.09,0.09
922,0.47,0.56
923,0.53,0.47
924,0.18,0.12
925,0.32,0.23
926,0.36,0.64
927,0.19,0.13
928,0.18,0.13
929,0.12,0.07
930,0.05,0.04
931,0.06,0.04
932,0.07,0.04
933,0.01,0.00
934,0.01,0.01
935,0.12,0.07
936,0.18,0.13
937,0.18,0.11
938,0.05,0.03
939,0.05,0.03
940,0.01,0.00
941,0.01,0.00
942,0.01,0.00
943,0.01,0.00
944,0.01,0.00
945,0.01,0.00
946,0.01,0.00
947,0.01,0.00
948,0.01,0.00
949,0.05,0.03
950,0.04,0.02
951,0.03,0.02
952,0.03,0.02
953,0.03,0.02
954,0.03,0.02
955,0.03,0.02
956,0.01,0.00
957,0.01,0.00
958,0.01,0.00
959,0.01,0.00
960,0.04,0.04
961,0.08,0.04
962,0.01,0.00
963,0.01,0.01
964,0.01,0.00
965,0.01,0.00
966,0.01,0.01
967,0.03,0.01
968,0.17,0.11
969,0.16,0.11
970,0.13,0.13
971,0.54,0.56
972,0.38,0.34
973,0.55,0.60
974,0.29,0.26
975,0.23,0.20
976,0.13,0.12
977,0.07,0.04
978,0.16,0.14
979,0.29,0.36
980,0.26,0.35
981,0.57,0.54
982,0.39,0.50
983,0.09,0.05
984,0.15,0.19
985,0.03,0.01
986,0.20,0.14
987,0.16,0.30
988,0.53,0.58
989,0.32,0.25
990,0.14,0.34
991,0.36,0.33
992,0.25,0.25
993,0.20,0.16
994,0.17,0.14
995,0.16,0.12
996,0.20,0.15
997,0.22,0.21
998,0.10,0.06
999,0.09,0.05
1000,0.04,0.02
1001,0.01,0.00
1002,0.01,0.00
1003,0.01,0.00
1004,0.01,0.00
1005,0.01,0.00
1006,0.01,0.00
1007,0.01,0.00
1008,0.01,0.00
1009,0.01,0.00
1010,0.01,0.00
1011,0.01,0.00
1012,0.01,0.00
1013,0.01,0.00
1014,0.01,0.00
1015,0.01,0.00
1016,0.01,0.00
1017,0.01,0.00
1018,0.01,0.00
1019,0.01,0.00
1020,0.01,0.00
1021,0.04,0.03
1022,0.04,0.03
1023,0.01,0.00
1024,0.01,0.00
1025,0.01,0.00
1026,0.01,0.00
1027,0.01,0.00
1028,0.01,0.00
1029,0.01,0.00
1030,0.01,0.00
1031,0.01,0.00
1032,0.01,0.00
1033,0.01,0.00
1034,0.01,0.00
1035,0.04,0.02
1036,0.16,0.11
1037,0.15,0.11
1038,0.05,0.02
1039,0.01,0.00
1040,0.03,0.01
1041,0.24,0.21
1042,0.01,0.00
1043,0.01,0.00
1044,0.01,0.00
1045,0.03,0.02
1046,0.32,0.25
1047,0.15,0.16
1048,0.10,0.10
1049,0.47,0.48
1050,0.18,0.13
1051,0.10,0.10
1052,0.16,0.11
1053,0.08,0.09
1054,0.14,0.11
1055,0.15,0.12
1056,0.21,0.13
1057,0.19,0.14
1058,0.39,0.36
1059,0.22,0.15
1060,0.10,0.06
1061,0.10,0.06
1062,0.10,0.06
1063,0.01,0.00
1064,0.01,0.00
1065,0.01,0.00
1066,0.01,0.00
1067,0.01,0.00
1068,0.01,0.00
1069,0.01,0.00
1070,0.01,0.00
1071,0.01,0.00
1072,0.01,0.00
1073,0.02,0.01
1074,0.02,0.01
1075,0.02,0.01
1076,0.01,0.01
1077,0.02,0.01
1078,0.02,0.01
1079,0.02,0.01
1080,0.02,0.01
1081,0.01,0.00
1082,0.01,0.00
1083,0.01,0.00
1084,0.01,0.00
1085,0.01,0.00
1086,0.01,0.00
1087,0.01,0.00
1088,0.01,0.00
1089,0.01,0.00
1090,0.01,0.00
1091,0.01,0.00
1092,0.01,0.00
1093,0.01,0.00
1094,0.01,0.00
1095,0.01,0.00
1096,0.01,0.00
1097,0.01,0.00
1098,0.01,0.00
1099,0.01,0.00
1100,0.01,0.00
1101,0.01,0.00
1102,0.01,0.00
1103,0.01,0.00
1104,0.01,0.00
1105,0.01,0.00
1106,0.01,0.00
1107,0.01,0.00
1108,0.01,0.00
1109,0.01,0.00
1110,0.02,0.01
1111,0.02,0.01
1112,0.02,0.01
1113,0.02,0.01
1114,0.01,0.00
1115,0.01,0.00
1116,0.01,0.00
1117,0.01,0.00
1118,0.01,0.00
1119,0.01,0.00
1120,0.01,0.00
1121,0.01,0.00
1122,0.01,0.00
1123,0.01,0.00
1124,0.01,0.00
1125,0.01,0.00
1126,0.01,0.00
1127,0.01,0.00
1128,0.01,0.00
1129,0.01,0.00
1130,0.01,0.00
1131,0.01,0.00
1132,0.01,0.00
1133,0.01,0.00
1134,0.01,0.00
1135,0.01,0.00
1136,0.01,0.00
1137,0.01,0.00
1138,0.01,0.00
1139,0.01,0.00
1140,0.01,0.00
1141,0.01,0.00
1142,0.01,0.00
1143,0.02,0.01
1144,0.03,0.02
1145,0.04,0.02
1146,0.03,0.02
1147,0.04,0.02
1148,0.04,0.02
1149,0.02,0.01
1150,0.36,0.31
1151,0.08,0.04
1152,0.03,0.01
1153,0.03,0.01
1154,0.02,0.01
1155,0.02,0.01
1156,0.02,0.01
1157,0.01,0.01
1158,0.01,0.01
1159,0.01,0.01
1160,0.02,0.01
1161,0.02,0.01
1162,0.05,0.03
1163,0.27,0.19
1164,0.30,0.25
1165,0.04,0.02
1166,0.09,0.10
1167,0.01,0.00
1168,0.01,0.00
1169,0.01,0.00
1170,0.01,0.00
1171,0.01,0.00
1172,0.01,0.00
1173,0.01,0.00
1174,0.01,0.00
1175,0.01,0.00
1176,0.01,0.00
1177,0.01,0.00
1178,0.01,0.00
1179,0.01,0.00
1180,0.01,0.00
1181,0.01,0.00
1182,0.01,0.00
1183,0.01,0.00
1184,0.01,0.00
1185,0.02,0.01
1186,0.02,0.01
1187,0.02,0.01
1188,0.01,0.00
1189,0.01,0.00
1190,0.01,0.00
1191,0.01,0.00
1192,0.01,0.00
1193,0.01,0.00
1194,0.01,0.00
1195,0.01,0.00
1196,0.01,0.00
1197,0.01,0.00
1198,0.01,0.00
1199,0.01,0.00
1200,0.01,0.00
1201,0.01,0.00
1202,0.01,0.00
1203,0.01,0.00
1204,0.01,0.00
1205,0.01,0.00
1206,0.01,0.00
1207,0.01,0.00
1208,0.01,0.00
1209,0.03,0.02
1210,0.09,0.06
1211,0.18,0.16
1212,0.15,0.10
1213,0.02,0.01
1214,0.02,0.01
1215,0.01,0.00
1216,0.01,0.00
1217,0.01,0.00
1218,0.01,0.00
1219,0.01,0.00
1220,0.01,0.00
1221,0.01,0.00
1222,0.01,0.00
1223,0.01,0.00
1224,0.01,0.00
1225,0.01,0.00
1226,0.01,0.00
1227,0.01,0.00
1228,0.01,0.00
1229,0.01,0.00
1230,0.01,0.00
1231,0.01,0.00
1232,0.01,0.00
1233,0.01,0.00
1234,0.01,0.00
1235,0.01,0.00
1236,0.01,0.00
1237,0.01,0.00
1238,0.01,0.00
1239,0.01,0.00
1240,0.01,0.00
1241,0.01,0.00
1242,0.07,0.04
1243,0.08,0.04
1244,0.07,0.04
1245,0.15,0.10
1246,0.01,0.00
1247,0.01,0.00
1248,0.01,0.00
1249,0.01,0.00
1250,0.01,0.00
1251,0.01,0.00
1252,0.01,0.00
1253,0.01,0.00
1254,0.01,0.00
1255,0.01,0.00
1256,0.01,0.00
1257,0.01,0.00
1258,0.01,0.00
1259,0.01,0.00
1260,0.01,0.00
1261,0.01,0.00
1262,0.01,0.00
1263,0.01,0.00
1264,0.01,0.00
1265,0.01,0.00
1266,0.01,0.00
1267,0.01,0.00
1268,0.01,0.00
1269,0.01,0.00
1270,0.01,0.00
1271,0.01,0.00
1272,0.01,0.00
1273,0.01,0.00
1274,0.01,0.00
1275,0.01,0.00
1276,0.01,0.00
1277,0.01,0.00
1278,0.01,0.00
1279,0.01,0.00
1280,0.01,0.00
1281,0.01,0.00
1282,0.01,0.00
1283,0.01,0.00
1284,0.01,0.00
1285,0.01,0.00
1286,0.01,0.00
1287,0.01,0.00
1288,0.01,0.00
1289,0.01,0.00
1290,0.01,0.00
1291,0.01,0.00
1292,0.01,0.00
1293,0.01,0.00
1294,0.01,0.00
1295,0.01,0.00
1296,0.01,0.00
1297,0.01,0.00
1298,0.01,0.00
1299,0.01,0.00
1300,0.01,0.00
1301,0.01,0.01
1302,0.01,0.00
1303,0.01,0.00
1304,0.01,0.00
1305,0.01,0.00
1306,0.01,0.00
1307,0.01,0.00
1308,0.01,0.00
1309,0.01,0.00
1310,0.01,0.00
1311,0.01,0.00
1312,0.01,0.00
1313,0.01,0.00
1314,0.01,0.00
1315,0.01,0.00
1316,0.01,0.00
1317,0.01,0.00
1318,0.01,0.00
1319,0.01,0.00
1320,0.07,0.05
1321,0.07,0.05
1322,0.01,0.00
1323,0.01,0.00
1324,0.01,0.00
1325,0.01,0.00
1326,0.01,0.00
1327,0.01,0.00
1328,0.01,0.00
1329,0.01,0.00
1330,0.01,0.00
1331,0.01,0.00
1332,0.01,0.00
1333,0.01,0.00
1334,0.01,0.00
1335,0.01,0.00
1336,0.01,0.00
1337,0.01,0.00
1338,0.01,0.00
1339,0.01,0.00
1340,0.01,0.00
1341,0.05,0.03
1342,0.23,0.18
1343,0.22,0.18
1344,0.05,0.02
1345,0.03,0.01
1346,0.03,0.01
1347,0.02,0.01
1348,0.02,0.01
1349,0.01,0.00
1350,0.01,0.00
1351,0.01,0.00
1352,0.01,0.00
1353,0.00,0.00
1354,0.01,0.00
1355,0.01,0.00
1356,0.01,0.00
1357,0.01,0.00
1358,0.01,0.00
1359,0.01,0.01
1360,0.02,0.01
1361,0.02,0.01
1362,0.01,0.00
1363,0.01,0.00
1364,0.01,0.00
1365,0.01,0.00
1366,0.01,0.00
1367,0.01,0.00
1368,0.01,0.00
1369,0.01,0.00
1370,0.01,0.00
1371,0.01,0.00
1372,0.01,0.00
1373,0.01,0.00
1374,0.01,0.00
1375,0.01,0.00
1376,0.10,0.06
1377,0.30,0.48
1378,0.11,0.08
1379,0.11,0.06
1380,0.01,0.01
1381,0.01,0.01
1382,0.01,0.00
1383,0.02,0.01
1384,0.02,0.01
1385,0.07,0.04
1386,0.06,0.04
1387,0.07,0.04
1388,0.01,0.00
1389,0.01,0.00
1390,0.01,0.00
1391,0.01,0.00
1392,0.00,0.00
1393,0.01,0.00
1394,0.01,0.00
1395,0.01,0.00
1396,0.01,0.00
1397,0.01,0.00
1398,0.01,0.00
1399,0.01,0.00
1400,0.01,0.00
1401,0.01,0.00
1402,0.01,0.00
1403,0.01,0.00
1404,0.01,0.00
1405,0.01,0.00
1406,0.18,0.12
1407,0.43,0.34
1408,0.28,0.20
1409,0.52,0.56
1410,0.21,0.37
1411,0.20,0.13
1412,0.09,0.10
1413,0.03,0.01
1414,0.02,0.01
1415,0.51,0.52
1416,0.11,0.07
1417,0.13,0.08
1418,0.11,0.07
1419,0.01,0.00
1420,0.04,0.02
1421,0.18,0.16
1422,0.07,0.04
1423,0.16,0.10
1424,0.34,0.36
1425,0.25,0.17
1426,0.11,0.06
1427,0.34,0.28
1428,0.22,0.18
1429,0.08,0.05
1430,0.05,0.02
1431,0.04,0.02
1432,0.15,0.09
1433,0.28,0.20
1434,0.33,0.27
1435,0.36,0.54
1436,0.34,0.27
1437,0.10,0.05
1438,0.10,0.10
1439,0.17,0.13
1440,0.04,0.02
1441,0.09,0.10
1442,0.15,0.10
1443,0.15,0.10
1444,0.21,0.15
1445,0.21,0.15
1446,0.37,0.36
1447,0.31,0.39
1448,0.02,0.01
1449,0.01,0.00
1450,0.01,0.00
1451,0.01,0.00
1452,0.01,0.00
1453,0.01,0.00
1454,0.01,0.00
1455,0.23,0.17
1456,0.01,0.00
1457,0.02,0.01
1458,0.04,0.02
1459,0.03,0.02
1460,0.13,0.09
1461,0.20,0.13
1462,0.31,0.42
1463,0.36,0.27
1464,0.16,0.10
1465,0.01,0.01
1466,0.01,0.01
1467,0.01,0.00
1468,0.01,0.00
1469,0.01,0.00
1470,0.03,0.01
1471,0.08,0.05
1472,0.08,0.05
1473,0.09,0.05
1474,0.15,0.11
1475,0.04,0.02
1476,0.09,0.06
1477,0.02,0.01
1478,0.02,0.01
1479,0.02,0.01
1480,0.02,0.01
1481,0.01,0.00
1482,0.01,0.00
1483,0.01,0.00
1484,0.01,0.00
1485,0.01,0.00
1486,0.01,0.00
1487,0.01,0.00
1488,0.01,0.00
1489,0.01,0.00
1490,0.01,0.00
1491,0.01,0.00
1492,0.07,0.06
1493,0.01,0.00
1494,0.01,0.00
1495,0.10,0.11
1496,0.17,0.11
1497,0.01,0.01
1498,0.01,0.00
1499,0.01,0.00
1500,0.01,0.00
1501,0.01,0.00
1502,0.01,0.00
1503,0.01,0.00
1504,0.02,0.01
1505,0.03,0.01
1506,0.15,0.13
1507,0.01,0.00
1508,0.01,0.00
1509,0.01,0.00
1510,0.01,0.00
1511,0.01,0.00
1512,0.01,0.00
1513,0.04,0.02
1514,0.03,0.02
1515,0.05,0.03
1516,0.12,0.12
1517,0.16,0.12
1518,0.09,0.11
1519,0.21,0.17
1520,0.22,0.17
1521,0.07,0.04
1522,0.16,0.19
1523,0.10,0.06
1524,0.20,0.15
1525,0.18,0.12
1526,0.04,0.02
1527,0.05,0.03
1528,0.11,0.13
1529,0.29,0.27
1530,0.36,0.30
1531,0.24,0.16
1532,0.38,0.32
1533,0.33,0.40
1534,0.18,0.12
1535,0.11,0.11
1536,0.03,0.02
1537,0.17,0.16
1538,0.29,0.28
1539,0.25,0.25
1540,0.22,0.21
1541,0.39,0.48
1542,0.25,0.18
1543,0.36,0.50
1544,0.19,0.13
1545,0.16,0.13
1546,0.11,0.13
1547,0.34,0.34
1548,0.28,0.23
1549,0.09,0.10
1550,0.15,0.10
1551,0.03,0.01
1552,0.01,0.01
1553,0.14,0.11
1554,0.18,0.11
1555,0.11,0.06
1556,0.03,0.01
1557,0.14,0.11
1558,0.13,0.11
1559,0.16,0.10
1560,0.09,0.10
1561,0.01,0.01
1562,0.03,0.02
1563,0.10,0.11
1564,0.19,0.16
1565,0.21,0.14
1566,0.06,0.03
1567,0.22,0.30
1568,0.01,0.00
1569,0.01,0.00
1570,0.01,0.00
1571,0.01,0.00
1572,0.01,0.00
1573,0.01,0.00
1574,0.01,0.00
1575,0.01,0.00
1576,0.01,0.00
1577,0.01,0.00
1578,0.01,0.00
1579,0.01,0.00
1580,0.01,0.00
1581,0.01,0.00
1582,0.01,0.00
1583,0.01,0.01
1584,0.02,0.01
1585,0.02,0.01
1586,0.02,0.01
1587,0.02,0.01
1588,0.02,0.01
1589,0.02,0.01
1590,0.02,0.01
1591,0.01,0.00
1592,0.03,0.02
1593,0.02,0.01
1594,0.03,0.02
1595,0.20,0.19
1596,0.25,0.18
1597,0.03,0.02
1598,0.03,0.02
1599,0.01,0.01
1600,0.31,0.27
1601,0.18,0.16
1602,0.21,0.15
1603,0.23,0.15
1604,0.01,0.00
1605,0.02,0.01
1606,0.03,0.02
1607,0.20,0.13
1608,0.16,0.13
1609,0.20,0.13
1610,0.01,0.00
1611,0.01,0.00
1612,0.01,0.00
1613,0.01,0.00
1614,0.01,0.00
1615,0.01,0.00
1616,0.01,0.00
1617,0.01,0.00
1618,0.01,0.00
1619,0.01,0.00
1620,0.01,0.00
1621,0.01,0.00
1622,0.01,0.00
1623,0.01,0.00
1624,0.01,0.00
1625,0.01,0.00
1626,0.01,0.00
1627,0.01,0.00
1628,0.01,0.00
1629,0.01,0.00
1630,0.01,0.00
1631,0.01,0.00
1632,0.01,0.00
1633,0.01,0.00
1634,0.01,0.00
1635,0.01,0.00
1636,0.01,0.00
1637,0.01,0.00
1638,0.01,0.00
1639,0.01,0.00
1640,0.01,0.00
1641,0.01,0.00
1642,0.01,0.00
1643,0.01,0.00
1644,0.01,0.00
1645,0.01,0.00
1646,0.01,0.00
1647,0.01,0.00
1648,0.01,0.00
1649,0.01,0.00
1650,0.01,0.00
1651,0.01,0.00
1652,0.01,0.00
1653,0.01,0.00
1654,0.04,0.02
1655,0.22,0.15
1656,0.01,0.00
1657,0.01,0.00
1658,0.01,0.00
1659,0.01,0.00
1660,0.01,0.00
1661,0.01,0.00
1662,0.01,0.00
1663,0.01,0.00
1664,0.40,0.41
1665,0.02,0.01
1666,0.01,0.00
1667,0.01,0.00
1668,0.01,0.00
1669,0.01,0.00
1670,0.01,0.00
1671,0.01,0.00
1672,0.01,0.00
1673,0.01,0.00
1674,0.01,0.00
1675,0.01,0.00
1676,0.01,0.00
1677,0.01,0.00
1678,0.01,0.00
1679,0.01,0.00
1680,0.01,0.00
1681,0.01,0.00
1682,0.01,0.00
1683,0.01,0.00
1684,0.01,0.00
1685,0.01,0.00
1686,0.01,0.00
1687,0.01,0.00
1688,0.01,0.00
1689,0.01,0.01
1690,0.02,0.01
1691,0.03,0.01
1692,0.02,0.01
1693,0.01,0.00
1694,0.01,0.00
1695,0.01,0.00
1696,0.01,0.00
1697,0.01,0.00
1698,0.01,0.00
1699,0.01,0.00
1700,0.01,0.00
1701,0.01,0.00
1702,0.01,0.00
1703,0.01,0.00
1704,0.01,0.00
1705,0.01,0.00
1706,0.01,0.00
1707,0.01,0.00
1708,0.01,0.00
1709,0.01,0.00
1710,0.01,0.00
1711,0.01,0.00
1712,0.01,0.00
1713,0.01,0.00
1714,0.02,0.01
1715,0.03,0.01
1716,0.03,0.01
1717,0.39,0.33
1718,0.01,0.00
1719,0.01,0.00
1720,0.01,0.00
1721,0.01,0.00
1722,0.01,0.00
1723,0.01,0.00
1724,0.01,0.00
1725,0.01,0.00
1726,0.01,0.00
1727,0.01,0.00
1728,0.01,0.00
1729,0.01,0.00
1730,0.01,0.00
1731,0.01,0.00
1732,0.01,0.00
1733,0.01,0.00
1734,0.01,0.00
1735,0.01,0.00
1736,0.01,0.00
1737,0.01,0.00
1738,0.04,0.02
1739,0.04,0.02
1740,0.14,0.09
1741,0.46,0.41
1742,0.40,0.48
1743,0.13,0.08
1744,0.01,0.01
1745,0.01,0.01
1746,0.01,0.00
1747,0.01,0.00
1748,0.01,0.00
1749,0.01,0.00
1750,0.02,0.01
1751,0.02,0.01
1752,0.02,0.01
1753,0.02,0.01
1754,0.01,0.01
1755,0.01,0.00
1756,0.01,0.00
1757,0.04,0.02
1758,0.05,0.02
1759,0.06,0.03
1760,0.29,0.27
1761,0.31,0.39
1762,0.07,0.03
1763,0.49,0.49
1764,0.02,0.01
1765,0.03,0.01
1766,0.07,0.03
1767,0.23,0.16
1768,0.30,0.41
1769,0.26,0.19
1770,0.18,0.12
1771,0.18,0.12
1772,0.02,0.01
1773,0.02,0.01
1774,0.04,0.02
1775,0.32,0.31
1776,0.19,0.13
1777,0.19,0.12
1778,0.03,0.02
1779,0.03,0.01
1780,0.03,0.01
1781,0.02,0.01
1782,0.13,0.09
1783,0.12,0.07
1784,0.11,0.06
1785,0.10,0.06
1786,0.09,0.06
1787,0.04,0.02
1788,0.12,0.07
1789,0.01,0.01
1790,0.01,0.01
1791,0.01,0.01
1792,0.01,0.00
1793,0.01,0.00
1794,0.01,0.00
1795,0.01,0.00
1796,0.01,0.00
1797,0.01,0.00
1798,0.01,0.00
1799,0.01,0.00
1800,0.01,0.00
1801,0.01,0.00
1802,0.01,0.00
1803,0.01,0.00
1804,0.01,0.00
1805,0.01,0.00
1806,0.01,0.00
1807,0.01,0.00
1808,0.01,0.00
1809,0.01,0.00
1810,0.01,0.00
1811,0.01,0.00
1812,0.01,0.00
1813,0.01,0.00
1814,0.01,0.00
1815,0.01,0.00
1816,0.01,0.00
1817,0.05,0.02
1818,0.19,0.12
1819,0.10,0.06
1820,0.18,0.18
1821,0.03,0.01
1822,0.01,0.00
1823,0.01,0.00
1824,0.01,0.00
1825,0.01,0.00
1826,0.01,0.01
1827,0.11,0.07
1828,0.02,0.01
1829,0.01,0.00
1830,0.01,0.00
1831,0.03,0.01
1832,0.06,0.03
1833,0.11,0.07
1834,0.07,0.04
1835,0.18,0.12
1836,0.04,0.02
1837,0.04,0.02
1838,0.03,0.01
1839,0.03,0.01
1840,0.02,0.01
1841,0.02,0.01
1842,0.09,0.05
1843,0.03,0.01
1844,0.02,0.01
1845,0.01,0.01
1846,0.03,0.01
1847,0.03,0.01
1848,0.06,0.03
1849,0.01,0.00
1850,0.01,0.01
1851,0.02,0.01
1852,0.03,0.01
1853,0.13,0.07
1854,0.17,0.12
1855,0.14,0.09
1856,0.19,0.12
1857,0.11,0.07
1858,0.23,0.16
1859,0.30,0.31
1860,0.05,0.03
1861,0.01,0.00
1862,0.01,0.00
1863,0.01,0.00
1864,0.01,0.00
1865,0.01,0.00
1866,0.01,0.00
1867,0.01,0.00
1868,0.01,0.00
1869,0.01,0.00
1870,0.01,0.00
1871,0.03,0.02
1872,0.01,0.00
1873,0.01,0.00
1874,0.01,0.01
1875,0.01,0.01
1876,0.06,0.03
1877,0.06,0.03
1878,0.05,0.03
1879,0.17,0.13
1880,0.19,0.13
1881,0.18,0.13
1882,0.05,0.03
1883,0.07,0.04
1884,0.12,0.07
1885,0.31,0.35
1886,0.20,0.13
1887,0.18,0.11
1888,0.10,0.06
1889,0.05,0.02
1890,0.05,0.02
1891,0.04,0.02
1892,0.01,0.00
1893,0.01,0.00
1894,0.01,0.00
1895,0.12,0.08
1896,0.10,0.06
1897,0.21,0.15
1898,0.21,0.14
1899,0.16,0.12
1900,0.26,0.18
1901,0.21,0.15
1902,0.33,0.38
1903,0.09,0.05
1904,0.14,0.11
1905,0.04,0.02
1906,0.01,0.00
1907,0.01,0.00
1908,0.01,0.00
1909,0.01,0.00
1910,0.01,0.00
1911,0.01,0.00
1912,0.01,0.00
1913,0.01,0.00
1914,0.01,0.00
1915,0.01,0.00
1916,0.01,0.00
1917,0.01,0.00
1918,0.01,0.00
1919,0.01,0.00
1920,0.01,0.01
1921,0.06,0.03
1922,0.08,0.05
1923,0.07,0.05
1924,0.08,0.05
1925,0.04,0.02
1926,0.04,0.02
1927,0.05,0.03
1928,0.17,0.11
1929,0.16,0.11
1930,0.10,0.06
1931,0.07,0.04
1932,0.14,0.08
1933,0.16,0.11
1934,0.02,0.01
1935,0.01,0.00
1936,0.01,0.00
1937,0.02,0.01
1938,0.02,0.01
1939,0.01,0.00
1940,0.22,0.21
1941,0.26,0.21
1942,0.21,0.14
1943,0.06,0.03
1944,0.02,0.01
1945,0.01,0.01
1946,0.01,0.01
1947,0.01,0.01
1948,0.02,0.01
1949,0.02,0.01
1950,0.10,0.06
1951,0.12,0.07
1952,0.13,0.10
1953,0.02,0.01
1954,0.01,0.00
1955,0.01,0.00
1956,0.01,0.00
1957,0.01,0.00
1958,0.01,0.00
1959,0.01,0.01
1960,0.16,0.10
1961,0.18,0.12
1962,0.13,0.08
1963,0.14,0.09
1964,0.08,0.04
1965,0.04,0.02
1966,0.03,0.02
1967,0.01,0.00
1968,0.01,0.00
1969,0.01,0.00
1970,0.01,0.00
1971,0.01,0.00
1972,0.01,0.00
1973,0.01,0.00
1974,0.01,0.00
1975,0.01,0.00
1976,0.03,0.02
1977,0.03,0.02
1978,0.03,0.02
1979,0.37,0.54
1980,0.42,0.32
1981,0.24,0.17
1982,0.02,0.01
1983,0.07,0.05
1984,0.11,0.07
1985,0.12,0.08
1986,0.06,0.03
1987,0.02,0.01
1988,0.02,0.01
1989,0.01,0.00
1990,0.01,0.00
1991,0.01,0.00
1992,0.01,0.00
1993,0.01,0.01
1994,0.10,0.06
1995,0.16,0.10
1996,0.35,0.30
1997,0.35,0.31
1998,0.23,0.17
1999,0.27,0.19
2000,0.27,0.21
2001,0.34,0.36
2002,0.02,0.01
2003,0.14,0.09
2004,0.11,0.06
2005,0.44,0.49
2006,0.01,0.00
2007,0.01,0.01
2008,0.03,0.02
2009,0.01,0.01
2010,0.04,0.02
2011,0.01,0.01
2012,0.01,0.00
2013,0.01,0.00
2014,0.01,0.00
2015,0.02,0.01
2016,0.03,0.02
2017,0.06,0.03
2018,0.15,0.09
2019,0.44,0.42
2020,0.33,0.28
2021,0.11,0.06
2022,0.16,0.10
2023,0.05,0.03
2024,0.05,0.02
2025,0.05,0.02
2026,0.04,0.02
2027,0.05,0.02
2028,0.15,0.10
2029,0.16,0.10
2030,0.15,0.09
2031,0.03,0.02
2032,0.04,0.02
2033,0.04,0.02
2034,0.04,0.02
2035,0.33,0.29
2036,0.22,0.17
2037,0.07,0.04
2038,0.01,0.00
2039,0.01,0.00
2040,0.04,0.02
2041,0.18,0.12
2042,0.21,0.13
2043,0.20,0.16
2044,0.05,0.03
2045,0.02,0.01
2046,0.08,0.05
2047,0.26,0.21
2048,0.26,0.17
2049,0.24,0.17
2050,0.03,0.01
2051,0.01,0.01
2052,0.01,0.00
2053,0.01,0.00
2054,0.02,0.01
2055,0.02,0.01
2056,0.03,0.01
2057,0.15,0.11
2058,0.20,0.13
2059,0.20,0.12
2060,0.08,0.04
2061,0.06,0.03
2062,0.06,0.03
2063,0.06,0.03
2064,0.18,0.13
2065,0.33,0.29
2066,0.29,0.24
2067,0.16,0.10
2068,0.03,0.01
2069,0.24,0.16
2070,0.34,0.31
2071,0.20,0.15
2072,0.19,0.12
2073,0.18,0.12
2074,0.02,0.01
2075,0.02,0.01
2076,0.11,0.07
2077,0.24,0.17
2078,0.33,0.39
2079,0.47,0.48
2080,0.53,0.66
2081,0.42,0.39
2082,0.36,0.34
2083,0.37,0.33
2084,0.15,0.09
2085,0.03,0.01
2086,0.02,0.01
2087,0.02,0.01
2088,0.01,0.01
2089,0.01,0.01
2090,0.02,0.01
2091,0.04,0.02
2092,0.13,0.09
2093,0.15,0.09
2094,0.29,0.25
2095,0.25,0.25
2096,0.19,0.12
2097,0.17,0.11
2098,0.14,0.09
2099,0.16,0.10
2100,0.03,0.02
2101,0.03,0.01
2102,0.03,0.01
2103,0.03,0.02
2104,0.25,0.17
2105,0.30,0.23
2106,0.39,0.48
2107,0.53,0.47
2108,0.36,0.31
2109,0.18,0.12
2110,0.32,0.29
2111,0.03,0.01
2112,0.12,0.07
2113,0.16,0.10
2114,0.14,0.08
2115,0.05,0.02
2116,0.04,0.02
2117,0.17,0.11
2118,0.22,0.14
2119,0.45,0.49
2120,0.32,0.35
2121,0.37,0.34
2122,0.09,0.05
2123,0.08,0.04
2124,0.02,0.01
2125,0.01,0.00
2126,0.01,0.00
2127,0.15,0.11
2128,0.02,0.01
2129,0.02,0.01
2130,0.02,0.01
2131,0.01,0.00
2132,0.05,0.02
2133,0.03,0.02
2134,0.04,0.02
2135,0.06,0.03
2136,0.13,0.08
2137,0.07,0.04
2138,0.01,0.00
2139,0.08,0.05
2140,0.10,0.06
2141,0.02,0.01
2142,0.04,0.02
2143,0.09,0.05
2144,0.22,0.35
2145,0.12,0.07
2146,0.08,0.04
2147,0.11,0.06
2148,0.15,0.11
2149,0.16,0.11
2150,0.17,0.11
2151,0.02,0.01
2152,0.17,0.11
2153,0.17,0.13
2154,0.04,0.02
2155,0.02,0.01
2156,0.04,0.02
2157,0.16,0.10
2158,0.13,0.12
2159,0.18,0.12
2160,0.15,0.10
2161,0.14,0.09
2162,0.04,0.02
2163,0.02,0.01
2164,0.18,0.14
2165,0.21,0.14
2166,0.17,0.10
2167,0.02,0.01
2168,0.02,0.01
2169,0.02,0.01
2170,0.03,0.01
2171,0.02,0.01
2172,0.04,0.02
2173,0.04,0.02
2174,0.04,0.02
2175,0.21,0.16
2176,0.23,0.16
2177,0.25,0.17
2178,0.26,0.20
2179,0.52,0.68
2180,0.53,0.60
2181,0.28,0.22
2182,0.30,0.21
2183,0.19,0.13
2184,0.33,0.27
2185,0.07,0.05
2186,0.02,0.01
2187,0.07,0.04
2188,0.10,0.09
2189,0.24,0.20
2190,0.18,0.13
2191,0.12,0.08
2192,0.06,0.03
2193,0.06,0.03
2194,0.02,0.01
2195,0.02,0.01
2196,0.03,0.01
2197,0.01,0.01
2198,0.06,0.03
2199,0.08,0.05
2200,0.13,0.08
2201,0.14,0.09
2202,0.14,0.09
2203,0.12,0.09
2204,0.20,0.14
2205,0.28,0.28
2206,0.19,0.16
2207,0.11,0.06
2208,0.05,0.04
2209,0.07,0.04
2210,0.02,0.01
2211,0.02,0.01
2212,0.10,0.06
2213,0.11,0.06
2214,0.13,0.08
2215,0.12,0.11
2216,0.17,0.10
2217,0.12,0.07
2218,0.01,0.00
2219,0.11,0.07
2220,0.10,0.07
2221,0.13,0.08
2222,0.13,0.08
2223,0.16,0.10
2224,0.34,0.40
2225,0.26,0.19
2226,0.08,0.05
2227,0.07,0.05
2228,0.10,0.05
2229,0.11,0.06
2230,0.19,0.12
2231,0.19,0.13
2232,0.21,0.14
2233,0.01,0.00
2234,0.03,0.01
2235,0.17,0.10
2236,0.02,0.01
2237,0.45,0.42
2238,0.42,0.35
2239,0.02,0.01
2240,0.04,0.02
2241,0.01,0.01
2242,0.01,0.01
2243,0.01,0.00
2244,0.07,0.04
2245,0.30,0.22
2246,0.30,0.36
2247,0.01,0.01
2248,0.41,0.34
2249,0.20,0.13
2250,0.04,0.02
2251,0.03,0.01
2252,0.02,0.01
2253,0.05,0.02
2254,0.07,0.04
2255,0.16,0.16
2256,0.11,0.06
2257,0.16,0.10
2258,0.09,0.05
2259,0.33,0.27
2260,0.33,0.28
2261,0.31,0.23
2262,0.27,0.20
2263,0.29,0.22
2264,0.25,0.18
2265,0.22,0.15
2266,0.04,0.02
2267,0.28,0.21
2268,0.41,0.42
2269,0.25,0.17
2270,0.03,0.01
2271,0.09,0.05
2272,0.13,0.10
2273,0.32,0.28
2274,0.20,0.12
2275,0.02,0.01
2276,0.25,0.18
2277,0.05,0.03
2278,0.08,0.08
2279,0.01,0.01
2280,0.10,0.06
2281,0.15,0.09
2282,0.15,0.10
2283,0.14,0.09
2284,0.09,0.07
2285,0.10,0.08
2286,0.17,0.20
2287,0.14,0.08
2288,0.01,0.01
2289,0.09,0.06
2290,0.08,0.06
2291,0.07,0.06
2292,0.07,0.04
2293,0.07,0.04
2294,0.02,0.01
2295,0.09,0.05
2296,0.09,0.05
2297,0.08,0.06
2298,0.10,0.05
2299,0.01,0.00
2300,0.10,0.06
2301,0.06,0.06
2302,0.05,0.02
2303,0.11,0.11
2304,0.08,0.08
2305,0.12,0.07
2306,0.06,0.03
2307,0.11,0.09
2308,0.19,0.13
2309,0.16,0.12
2310,0.15,0.12
2311,0.19,0.11
2312,0.04,0.02
2313,0.01,0.01
2314,0.02,0.01
2315,0.02,0.01
2316,0.02,0.01
2317,0.02,0.01
2318,0.20,0.14
2319,0.02,0.01
2320,0.01,0.00
2321,0.01,0.01
2322,0.04,0.02
2323,0.14,0.12
2324,0.03,0.01
2325,0.22,0.18
2326,0.31,0.25
2327,0.30,0.23
2328,0.05,0.03
2329,0.33,0.25
2330,0.37,0.34
2331,0.04,0.02
2332,0.04,0.02
2333,0.02,0.01
2334,0.08,0.06
2335,0.02,0.01
2336,0.31,0.30
2337,0.14,0.09
2338,0.13,0.08
2339,0.03,0.01
2340,0.03,0.01
2341,0.03,0.01
2342,0.02,0.01
2343,0.02,0.01
2344,0.05,0.03
2345,0.35,0.27
2346,0.22,0.15
2347,0.08,0.06
2348,0.09,0.05
2349,0.04,0.02
2350,0.01,0.00
2351,0.08,0.04
2352,0.17,0.12
2353,0.15,0.10
2354,0.14,0.09
2355,0.01,0.01
2356,0.01,0.01
2357,0.03,0.01
2358,0.05,0.03
2359,0.06,0.03
2360,0.07,0.04
2361,0.07,0.04
2362,0.11,0.07
2363,0.26,0.19
2364,0.36,0.32
2365,0.19,0.14
2366,0.18,0.12
2367,0.17,0.11
2368,0.01,0.01
2369,0.08,0.04
2370,0.38,0.37
2371,0.31,0.24
2372,0.10,0.06
2373,0.26,0.18
2374,0.28,0.21
2375,0.21,0.15
2376,0.17,0.13
2377,0.20,0.13
2378,0.17,0.11
2379,0.19,0.13
2380,0.15,0.12
2381,0.18,0.12
2382,0.22,0.15
2383,0.15,0.12
2384,0.18,0.12
2385,0.04,0.02
2386,0.02,0.01
2387,0.02,0.01
2388,0.03,0.01
2389,0.03,0.01
2390,0.03,0.01
2391,0.03,0.02
2392,0.06,0.03
2393,0.27,0.19
2394,0.25,0.17
2395,0.38,0.34
2396,0.37,0.31
2397,0.30,0.22
2398,0.15,0.10
2399,0.17,0.11
2400,0.20,0.13
2401,0.23,0.15
2402,0.23,0.16
2403,0.21,0.16
2404,0.10,0.06
2405,0.20,0.14
2406,0.01,0.00
2407,0.19,0.13
2408,0.20,0.17
2409,0.09,0.06
2410,0.38,0.39
2411,0.07,0.04
2412,0.02,0.01
2413,0.01,0.00
2414,0.01,0.01
2415,0.01,0.00
2416,0.08,0.06
2417,0.06,0.03
2418,0.05,0.02
2419,0.45,0.38
2420,0.44,0.38
2421,0.09,0.05
2422,0.25,0.20
2423,0.29,0.22
2424,0.08,0.04
2425,0.21,0.14
2426,0.29,0.31
2427,0.05,0.03
2428,0.01,0.00
2429,0.01,0.00
2430,0.01,0.00
2431,0.02,0.01
2432,0.02,0.01
2433,0.34,0.40
2434,0.20,0.13
2435,0.11,0.07
2436,0.09,0.05
2437,0.09,0.05
2438,0.08,0.04
2439,0.52,0.59
2440,0.47,0.52
2441,0.14,0.08
2442,0.09,0.05
2443,0.07,0.04
2444,0.07,0.04
2445,0.16,0.11
2446,0.19,0.13
2447,0.16,0.16
2448,0.18,0.12
2449,0.06,0.03
2450,0.01,0.00
2451,0.01,0.01
2452,0.01,0.01
2453,0.11,0.10
2454,0.06,0.03
2455,0.06,0.03
2456,0.32,0.34
2457,0.19,0.12
2458,0.10,0.05
2459,0.06,0.03
2460,0.13,0.08
2461,0.08,0.05
2462,0.06,0.04
2463,0.02,0.01
2464,0.01,0.01
2465,0.01,0.01
2466,0.57,0.64
2467,0.58,0.64
2468,0.04,0.02
2469,0.07,0.04
2470,0.14,0.11
2471,0.41,0.46
2472,0.37,0.28
2473,0.11,0.06
2474,0.06,0.03
2475,0.04,0.02
2476,0.04,0.02
2477,0.03,0.01
2478,0.02,0.01
2479,0.02,0.01
2480,0.02,0.01
2481,0.02,0.01
2482,0.01,0.01
2483,0.03,0.02
2484,0.03,0.01
2485,0.01,0.00
2486,0.01,0.00
2487,0.01,0.00
2488,0.01,0.00
2489,0.02,0.01
2490,0.02,0.01
2491,0.02,0.01
2492,0.12,0.07
2493,0.11,0.09
2494,0.02,0.01
2495,0.22,0.16
2496,0.32,0.34
2497,0.27,0.20
2498,0.06,0.04
2499,0.05,0.03
2500,0.05,0.03
2501,0.03,0.01
2502,0.06,0.03
2503,0.07,0.04
2504,0.28,0.20
2505,0.37,0.35
2506,0.30,0.25
2507,0.13,0.08
2508,0.23,0.33
2509,0.05,0.03
2510,0.05,0.02
2511,0.20,0.14
2512,0.26,0.18
2513,0.28,0.35
2514,0.16,0.09
2515,0.18,0.12
2516,0.24,0.17
2517,0.21,0.17
2518,0.04,0.02
2519,0.03,0.02
2520,0.01,0.01
2521,0.01,0.00
2522,0.01,0.00
2523,0.01,0.01
2524,0.01,0.01
2525,0.14,0.09
2526,0.14,0.09
2527,0.08,0.05
2528,0.01,0.01
2529,0.01,0.01
2530,0.01,0.00
2531,0.17,0.13
2532,0.03,0.01
2533,0.01,0.01
2534,0.01,0.00
2535,0.01,0.00
2536,0.01,0.00
2537,0.01,0.00
2538,0.00,0.00
2539,0.01,0.00
2540,0.10,0.05
2541,0.10,0.05
2542,0.10,0.06
2543,0.15,0.10
2544,0.20,0.13
2545,0.17,0.12
2546,0.30,0.27
2547,0.18,0.12
2548,0.01,0.00
2549,0.01,0.00
2550,0.01,0.00
2551,0.01,0.00
2552,0.01,0.00
2553,0.01,0.00
2554,0.01,0.00
2555,0.01,0.00
2556,0.01,0.00
2557,0.01,0.00
2558,0.01,0.00
2559,0.01,0.00
2560,0.01,0.00
2561,0.01,0.00
2562,0.01,0.00
2563,0.01,0.00
2564,0.01,0.00
2565,0.01,0.00
2566,0.01,0.00
2567,0.01,0.00
2568,0.01,0.00
2569,0.01,0.00
2570,0.00,0.00
2571,0.01,0.00
2572,0.03,0.01
2573,0.03,0.01
2574,0.21,0.14
2575,0.17,0.11
2576,0.17,0.11
2577,0.19,0.12
2578,0.18,0.12
2579,0.17,0.11
2580,0.12,0.08
2581,0.11,0.07
2582,0.10,0.06
2583,0.01,0.01
2584,0.24,0.16
2585,0.35,0.27
2586,0.38,0.43
2587,0.23,0.17
2588,0.21,0.14
2589,0.07,0.04
2590,0.07,0.04
2591,0.21,0.13
2592,0.17,0.13
2593,0.10,0.06
2594,0.21,0.22
2595,0.22,0.15
2596,0.20,0.14
2597,0.20,0.14
2598,0.21,0.14
2599,0.20,0.15
2600,0.03,0.02
2601,0.25,0.36
2602,0.11,0.07
2603,0.33,0.31
2604,0.37,0.33
2605,0.31,0.26
2606,0.48,0.58
2607,0.41,0.39
2608,0.30,0.25
2609,0.03,0.01
2610,0.09,0.05
2611,0.25,0.20
2612,0.07,0.04
2613,0.02,0.01
2614,0.02,0.01
2615,0.10,0.06
2616,0.37,0.31
2617,0.01,0.00
2618,0.19,0.12
2619,0.18,0.15
2620,0.08,0.04
2621,0.06,0.03
2622,0.03,0.02
2623,0.02,0.01
2624,0.10,0.06
2625,0.11,0.07
2626,0.10,0.06
2627,0.42,0.43
2628,0.32,0.25
2629,0.08,0.04
2630,0.05,0.03
2631,0.03,0.02
2632,0.03,0.02
2633,0.19,0.13
2634,0.15,0.11
2635,0.17,0.11
2636,0.18,0.11
2637,0.16,0.10
2638,0.03,0.01
2639,0.02,0.01
2640,0.01,0.01
2641,0.01,0.01
2642,0.01,0.01
2643,0.01,0.01
2644,0.01,0.01
2645,0.01,0.01
2646,0.01,0.01
2647,0.01,0.01
2648,0.01,0.01
2649,0.01,0.01
2650,0.02,0.01
2651,0.03,0.02
2652,0.01,0.01
2653,0.01,0.01
2654,0.04,0.02
2655,0.15,0.10
2656,0.29,0.32
2657,0.02,0.01
2658,0.02,0.01
2659,0.50,0.54
2660,0.35,0.26
2661,0.35,0.40
2662,0.26,0.19
2663,0.06,0.03
2664,0.37,0.36
2665,0.37,0.41
2666,0.38,0.29
2667,0.12,0.08
2668,0.05,0.02
2669,0.02,0.01
2670,0.05,0.03
2671,0.14,0.10
2672,0.13,0.08
2673,0.13,0.08
2674,0.21,0.14
2675,0.51,0.57
2676,0.34,0.26
2677,0.40,0.36
2678,0.33,0.24
2679,0.30,0.22
2680,0.25,0.18
2681,0.05,0.03
2682,0.03,0.02
2683,0.01,0.01
2684,0.01,0.00
2685,0.01,0.00
2686,0.03,0.02
2687,0.04,0.02
2688,0.02,0.01
2689,0.02,0.01
2690,0.02,0.01
2691,0.05,0.02
2692,0.21,0.14
2693,0.22,0.15
2694,0.06,0.03
2695,0.05,0.02
2696,0.01,0.00
2697,0.01,0.00
2698,0.02,0.01
2699,0.04,0.02
2700,0.01,0.00
2701,0.01,0.00
2702,0.01,0.00
2703,0.01,0.00
2704,0.01,0.01
2705,0.01,0.00
2706,0.01,0.00
2707,0.04,0.02
2708,0.07,0.03
2709,0.13,0.09
2710,0.35,0.30
2711,0.34,0.29
2712,0.01,0.00
2713,0.01,0.00
2714,0.01,0.00
2715,0.01,0.00
2716,0.01,0.00
2717,0.01,0.00
2718,0.01,0.00
2719,0.13,0.09
2720,0.29,0.22
2721,0.32,0.29
2722,0.10,0.05
2723,0.24,0.18
2724,0.08,0.04
2725,0.06,0.04
2726,0.09,0.06
2727,0.20,0.14
2728,0.13,0.09
2729,0.12,0.07
2730,0.11,0.06
2731,0.15,0.10
2732,0.14,0.11
2733,0.22,0.18
2734,0.22,0.15
2735,0.01,0.00
2736,0.01,0.01
2737,0.01,0.00
2738,0.01,0.00
2739,0.02,0.01
2740,0.07,0.04
2741,0.19,0.14
2742,0.20,0.14
2743,0.24,0.17
2744,0.24,0.17
2745,0.24,0.19
2746,0.30,0.21
2747,0.24,0.17
2748,0.07,0.03
2749,0.16,0.09
2750,0.52,0.57
2751,0.22,0.17
2752,0.03,0.02
2753,0.04,0.02
2754,0.05,0.02
2755,0.50,0.65
2756,0.58,0.57
2757,0.43,0.45
2758,0.12,0.07
2759,0.06,0.03
2760,0.04,0.02
2761,0.04,0.02
2762,0.07,0.04
2763,0.18,0.13
2764,0.23,0.16
2765,0.06,0.03
2766,0.04,0.02
2767,0.05,0.03
2768,0.19,0.12
2769,0.15,0.12
2770,0.07,0.04
2771,0.19,0.19
2772,0.13,0.09
2773,0.10,0.07
2774,0.02,0.01
2775,0.02,0.01
2776,0.02,0.01
2777,0.02,0.01
2778,0.02,0.01
2779,0.01,0.01
2780,0.02,0.01
2781,0.01,0.01
2782,0.01,0.01
2783,0.05,0.03
2784,0.02,0.01
2785,0.01,0.01
2786,0.04,0.02
2787,0.06,0.03
2788,0.17,0.10
2789,0.43,0.47
2790,0.38,0.31
2791,0.15,0.10
2792,0.07,0.04
2793,0.04,0.02
2794,0.03,0.02
2795,0.02,0.01
2796,0.01,0.01
2797,0.01,0.01
2798,0.08,0.04
2799,0.40,0.33
2800,0.27,0.35
2801,0.45,0.41
2802,0.40,0.37
2803,0.21,0.16
2804,0.20,0.13
2805,0.01,0.01
2806,0.19,0.12
2807,0.19,0.13
2808,0.17,0.12
2809,0.21,0.14
2810,0.02,0.01
2811,0.02,0.01
2812,0.03,0.01
2813,0.06,0.03
2814,0.22,0.15
2815,0.22,0.15
2816,0.25,0.18
2817,0.24,0.29
2818,0.05,0.03
2819,0.06,0.03
2820,0.07,0.04
2821,0.27,0.20
2822,0.34,0.30
2823,0.02,0.01
2824,0.19,0.14
2825,0.10,0.06
2826,0.29,0.21
2827,0.42,0.44
2828,0.02,0.01
2829,0.02,0.01
2830,0.19,0.13
2831,0.19,0.13
2832,0.12,0.07
2833,0.15,0.09
2834,0.25,0.18
2835,0.31,0.25
2836,0.45,0.41
2837,0.05,0.02
2838,0.08,0.04
2839,0.24,0.17
2840,0.27,0.32
2841,0.04,0.02
2842,0.04,0.02
2843,0.02,0.01
2844,0.01,0.01
2845,0.01,0.01
2846,0.01,0.01
2847,0.01,0.01
2848,0.03,0.02
2849,0.03,0.02
2850,0.10,0.07
2851,0.17,0.12
2852,0.18,0.12
2853,0.02,0.01
2854,0.02,0.01
2855,0.31,0.37
2856,0.42,0.42
2857,0.32,0.24
2858,0.09,0.05
2859,0.07,0.04
2860,0.03,0.02
2861,0.19,0.15
2862,0.23,0.15
2863,0.01,0.01
2864,0.26,0.19
2865,0.37,0.40
2866,0.10,0.06
2867,0.07,0.04
2868,0.14,0.14
2869,0.16,0.10
2870,0.30,0.23
2871,0.06,0.03
2872,0.24,0.15
2873,0.23,0.17
2874,0.21,0.17
2875,0.28,0.20
2876,0.29,0.22
2877,0.19,0.12
2878,0.11,0.06
2879,0.20,0.15
2880,0.20,0.14
2881,0.24,0.16
2882,0.23,0.16
2883,0.11,0.06
2884,0.02,0.01
2885,0.02,0.01
2886,0.02,0.01
2887,0.02,0.01
2888,0.07,0.04
2889,0.08,0.04
2890,0.19,0.14
2891,0.18,0.13
2892,0.15,0.10
2893,0.04,0.02
2894,0.03,0.02
2895,0.04,0.02
2896,0.15,0.10
2897,0.20,0.14
2898,0.24,0.18
2899,0.05,0.02
2900,0.20,0.14
2901,0.12,0.08
2902,0.06,0.03
2903,0.02,0.01
2904,0.19,0.13
2905,0.08,0.04
2906,0.06,0.04
2907,0.02,0.01
2908,0.02,0.01
2909,0.15,0.12
2910,0.16,0.10
2911,0.03,0.01
2912,0.05,0.03
2913,0.08,0.06
2914,0.02,0.01
2915,0.02,0.01
2916,0.07,0.04
2917,0.18,0.14
2918,0.20,0.16
2919,0.23,0.17
2920,0.09,0.05
2921,0.25,0.18
2922,0.19,0.15
2923,0.24,0.17
2924,0.10,0.05
2925,0.06,0.03
2926,0.11,0.06
2927,0.11,0.07
2928,0.12,0.07
2929,0.21,0.14
2930,0.23,0.17
2931,0.30,0.27
2932,0.17,0.11
2933,0.15,0.09
2934,0.05,0.02
2935,0.16,0.10
2936,0.26,0.19
2937,0.23,0.23
2938,0.08,0.05
2939,0.10,0.06
2940,0.18,0.15
2941,0.21,0.14
2942,0.19,0.13
2943,0.13,0.08
2944,0.21,0.14
2945,0.16,0.11
2946,0.15,0.10
2947,0.02,0.01
2948,0.02,0.01
2949,0.03,0.02
2950,0.05,0.03
2951,0.15,0.10
2952,0.17,0.16
2953,0.09,0.05
2954,0.22,0.15
2955,0.02,0.01
2956,0.17,0.12
2957,0.16,0.13
2958,0.04,0.02
2959,0.04,0.02
2960,0.04,0.02
2961,0.05,0.03
2962,0.11,0.06
2963,0.21,0.15
2964,0.01,0.01
2965,0.01,0.01
2966,0.02,0.01
2967,0.02,0.01
2968,0.04,0.02
2969,0.17,0.12
2970,0.07,0.04
2971,0.02,0.01
2972,0.01,0.01
2973,0.01,0.01
2974,0.01,0.01
2975,0.01,0.01
2976,0.01,0.01
2977,0.02,0.01
2978,0.10,0.06
2979,0.11,0.07
2980,0.16,0.16
2981,0.24,0.15
2982,0.38,0.40
2983,0.01,0.01
2984,0.26,0.23
2985,0.03,0.01
2986,0.11,0.06
2987,0.19,0.13
2988,0.14,0.11
2989,0.04,0.02
2990,0.03,0.02
2991,0.23,0.16
2992,0.16,0.11
2993,0.03,0.01
2994,0.22,0.19
2995,0.13,0.08
2996,0.12,0.07
2997,0.06,0.03
2998,0.14,0.08
2999,0.15,0.12
3000,0.07,0.04
3001,0.02,0.01
3002,0.02,0.01
3003,0.03,0.01
3004,0.09,0.05
3005,0.12,0.07
3006,0.12,0.09
3007,0.17,0.12
3008,0.13,0.08
3009,0.03,0.01
3010,0.11,0.07
3011,0.05,0.02
3012,0.02,0.01
3013,0.11,0.06
3014,0.17,0.11
3015,0.14,0.10
3016,0.03,0.02
3017,0.05,0.02
3018,0.28,0.22
3019,0.25,0.17
3020,0.11,0.06
3021,0.06,0.03
3022,0.04,0.02
3023,0.20,0.13
3024,0.18,0.15
3025,0.02,0.01
3026,0.02,0.01
3027,0.01,0.01
3028,0.01,0.01
3029,0.01,0.01
3030,0.01,0.01
3031,0.19,0.12
3032,0.21,0.15
3033,0.15,0.12
3034,0.36,0.36
3035,0.32,0.26
3036,0.05,0.02
3037,0.04,0.02
3038,0.20,0.16
3039,0.09,0.05
3040,0.05,0.03
3041,0.24,0.17
3042,0.24,0.17
3043,0.08,0.04
3044,0.18,0.14
3045,0.18,0.13
3046,0.19,0.13
3047,0.04,0.02
3048,0.23,0.20
3049,0.20,0.14
3050,0.19,0.13
3051,0.19,0.15
3052,0.20,0.13
3053,0.04,0.02
3054,0.04,0.02
3055,0.02,0.01
3056,0.02,0.01
3057,0.02,0.01
3058,0.02,0.01
3059,0.06,0.04
3060,0.03,0.01
3061,0.08,0.05
3062,0.13,0.09
3063,0.19,0.13
3064,0.01,0.01
3065,0.22,0.17
3066,0.08,0.04
3067,0.03,0.01
3068,0.02,0.01
3069,0.03,0.01
3070,0.03,0.02
3071,0.04,0.02
3072,0.03,0.02
3073,0.04,0.02
3074,0.12,0.08
3075,0.12,0.14
3076,0.03,0.01
3077,0.06,0.03
3078,0.14,0.16
3079,0.13,0.08
3080,0.05,0.03
3081,0.16,0.13
3082,0.09,0.05
3083,0.04,0.02
